||||||||＠||
||||||＠||||
|||＠|||||||
Architecture|Cloud Services|Storage Servers|On Demand|Bug Squashing|Bookmarkers|Solid State Rock|Fiber Cookie|＠||
||||||||＠||
||||||||＠||
|＠|||||||||
|＠|||||||||
||||||||＠||
20-on-20|Cat Battle|Nyanko Coliseum|＠|||||||
||||||＠||||
Squid Bender|Mean Morning Sunbeams|Life Ain't Easy, Kid|＠|||||||
ParaDroid (Expert)|ParaDroid (Insane)|＠||||||||
|||＠|||||||
|||＠|||||||
|＠|||||||||
|||＠|||||||
|||＠|||||||
||＠||||||||
|||＠|||||||
|||＠|||||||
Immortal Allen O'Neill|Attack on Huge Hermit|Jupiter King Convoy|＠|||||||
Devils on the Doorstep (Insane)|＠|||||||||
|||||＠|||||
||||||||＠||
||||||||＠||
|||＠|||||||
|||＠|||||||
||＠||||||||
Fungal Dominance|King of the Table|Funghi Wasn't Built in a Day…|＠|||||||
||＠||||||||
|||||＠|||||
||＠||||||||
||＠||||||||
||＠||||||||
|＠|||||||||
|||＠|||||||
||＠||||||||
PPAP|＠|||||||||
|＠|||||||||
|||||＠|||||
Virus of Love|Explosive Escape|Order/Disorder|＠|||||||
Converging Rays|Fever Time!|World War ALICE|＠|||||||
||＠||||||||
||＠||||||||
|||＠|||||||
||＠||||||||
||＠||||||||
|||＠|||||||
|||＠|||||||
|||＠|||||||
|＠|||||||||
|||||＠|||||
||＠||||||||
||＠||||||||
||＠||||||||
||＠||||||||
||＠||||||||
Round 1 (Easy)|Round 2 (Normal) |Final Round (Hard)|＠|||||||
Willing Sacrifice (Veteran)|Willing Sacrifice (Deadly)|＠||||||||
Iron Will (Easy)|Iron Will (Expert)|＠||||||||
Warm Smile (Easy)|Warm Smile (Expert)|＠||||||||
No. 1 Angel (Easy)|No. 1 Angel (Expert) |＠||||||||
Burning Love (Easy)|Burning Love (Expert)|＠||||||||
Mental Manipulations|Not a Penguin|＠||||||||
