stageID	fusumaSE	fusuma	fusuma	fusumaPNGFile	fusumaIMGCUTFile	bannerPNGFile	bannerIMGCUTFile	nekoFile	TitleFile	TitleLogo	bgm	bannerPercent	TitlePercent
2011	46	0	458			event_bnr_C_011.png	event_bnr00.imgcut				2	50	0
2021	46	24	509	img009_C_021.png	img009_Event01.imgcut	event_bnr_C_021.png	event_bnr00.imgcut				2	50	0
2029	56	0	458	img009_C_029.png	img009_Event00.imgcut	event_bnr_C_029.png	event_bnr00.imgcut	C_029			2	100	0
2038	46	0	458			event_bnr_C_038.png	event_bnr00.imgcut				2	50	0
1127	46	0	458	img009_S_127.png	img009_Event00.imgcut			S_127			2	0	0
2041	46	0	458	img009_C_041.png	img009_Event00.imgcut	event_bnr_C_041.png	event_bnr00.imgcut				2	50	0
1156	46	0	458	img009_S_156.png	img009_Event00.imgcut			S_156		_S_156	2	0	100
2058	46	0	458	img009_C_058.png	img009_Event00.imgcut	event_bnr_C_058.png	event_bnr00.imgcut	C_058			2	100	0
2064	46	0	458			event_bnr_C_064.png	event_bnr00.imgcut				2	50	0
